{
    "accuracy-score: ": 0.938912645082468,
    "precision: ": 0.7990196078431373,
    "recall: ": 0.7342342342342343
}
